query_id,airport,goal,haversine_km,shortest_route_km,slack_km,admissible
Q1,GLA,KEF,1347.458655512922,1347.458655512922,0.0,True
Q1,BRS,KEF,1817.488419588947,1817.488419588947,0.0,True
Q1,CDG,KEF,2241.080421371376,2241.080421371376,0.0,True
Q1,JFK,KEF,4163.25173127077,4163.25173127077,0.0,True
Q1,AVL,KEF,5066.823576039768,6393.313828231838,1326.4902521920694,True
Q1,LEX,KEF,4923.935609815889,6718.554885482801,1794.6192756669125,True
Q1,YNG,KEF,4438.063200084623,7031.7938582515335,2593.730658166911,True
Q1,ELM,KEF,4173.666398062298,7181.438509860583,3007.7721117982846,True
Q1,DSM,KEF,5045.486987858897,7452.025703745718,2406.5387158868207,True
Q1,BIS,KEF,4918.098284959823,8262.911002031407,3344.8127170715843,True
Q2,MVD,EZE,228.64298362409997,228.64298362409997,0.0,True
Q2,MDZ,EZE,972.48904115813,972.48904115813,0.0,True
Q2,SCL,EZE,1138.2340542336942,1138.2340542336942,0.0,True
Q2,VVI,EZE,1963.6639639945195,1963.6639639945195,0.0,True
Q2,BSB,EZE,2358.2443640478004,2358.2443640478004,0.0,True
Q2,BOG,EZE,4688.883590977023,4688.883590977023,0.0,True
Q2,CUN,EZE,6894.656789858834,6894.656789858834,0.0,True
Q2,IAH,EZE,8173.3242471317135,8173.3242471317135,0.0,True
Q2,BCN,EZE,10480.871125102423,10480.871125102423,0.0,True
Q2,FRA,EZE,11502.573194240702,11502.573194240702,0.0,True
Q3,GRJ,CPT,348.2713383357832,348.2713383357832,0.0,True
Q3,UTN,CPT,668.4779688576303,668.4779688576303,0.0,True
Q3,ELS,CPT,861.2195315237756,861.2195315237756,0.0,True
Q3,GBE,CPT,1263.3829247802787,1263.3829247802787,0.0,True
Q3,JNB,CPT,1271.069825537972,1271.069825537972,0.0,True
Q3,WDH,CPT,1281.8314258268497,1281.8314258268497,0.0,True
Q3,HDS,CPT,1609.725257341934,1609.725257341934,0.0,True
Q3,MUB,CPT,1627.182301866959,1627.182301866959,0.0,True
Q3,MRU,CPT,4117.511429880273,4117.511429880273,0.0,True
Q3,AMS,CPT,9687.100025788875,9687.100025788875,0.0,True
